n,yield_mean,yield_sd,pa_mid_mean,pa_mid_sd
1543,153.41600777705776,42.977643832526816,35.52495139338948,13.917367528303167
