model,r.squared,adj.r.squared,sigma,statistic,p.value,df,AIC,BIC
m1,0.1013534931896557,0.10077033517095979,40.75472013656429,173.8010795364075,1.1036421891779045e-37,1,15824.409172976719,15840.433624533809
m2,0.309312676383676,0.3037798006270699,36.420758584536664,55.90450427417734,4.428142995873295e-57,6,7590.2524744962475,7627.276805505684
m3,0.3041092387214371,0.2985346798860946,36.557692870436156,54.55305930101712,7.117510579530977e-56,6,7595.926611974825,7632.950942984262
