term,estimate,std.error,statistic,p.value,conf.low,conf.high
(Intercept),97.9934036352407,253.58331768141227,0.38643474078351664,0.6992844767236295,-399.82520556309623,595.8120128335776
high_precision_usage,9.97189076749804,3.61950417915154,2.755043308123928,0.0060109177748425965,2.8663108226984457,17.077470712297636
net_csp_incentive_2021,976.7121142826704,589.4209496696168,1.6570705788963536,0.09792398518179805,-180.4015321502302,2133.825760715571
controlled_traffic_farming_2021,-224.24258796971287,143.18702630404815,-1.566081744679498,0.11775184880204197,-505.33823314728943,56.853057207863685
soil_moisture_monitoring_y2_y5_2021,-235.3208134472352,148.14119407080895,-1.5884900545270066,0.11259757772155309,-526.1421650708587,55.50053817638832
precision_pesticide_application_2021,-388.8630560283154,175.46360243415762,-2.2162035352843934,0.026977361719000427,-733.3220185790092,-44.40409347762164
precision_ag_nutrient_loss_reduction_2021,-155.92572287378468,138.6178275531777,-1.1248605293137146,0.2610084794642588,-428.0514082444356,116.19996249686628
