term,estimate,std.error,statistic,p.value,conf.low,conf.high
(Intercept),118.49085139974586,2.845103880565662,41.64728472978905,1.3387062075066546e-254,112.91016702194858,124.07153577754315
precision_ag_usage_midpoint_2022_percent,0.9831162326040839,0.07457248786373474,13.183363741337399,1.1036421891768884e-37,0.8368419538765598,1.1293905113316078
