term,estimate,std.error,statistic,p.value,conf.low,conf.high
(Intercept),154.80219936356318,242.11277478959093,0.6393805510597061,0.5227708927483359,-320.49817101146755,630.1025697385938
precision_ag_usage_midpoint_2022_percent,0.509770287432532,0.13983273224587445,3.645571957617041,2.8524460008474473e-4,0.23525957859126512,0.784280996273799
net_csp_incentive_2021,1078.1876506417086,565.1214856445304,1.9078864952586572,0.056788015394467276,-31.222836546185135,2187.5981378296024
controlled_traffic_farming_2021,-251.33799637565454,138.20346846238732,-1.818608455865616,0.06937042885690525,-522.6502383850782,19.974245633769044
soil_moisture_monitoring_y2_y5_2021,-261.72530147918803,142.1003615007095,-1.8418341706884485,0.06589459145497323,-540.6876755646083,17.23707260623229
precision_pesticide_application_2021,-395.89662001878986,164.1487324815983,-2.411816491261493,0.016112791136220585,-718.1429509399859,-73.65028909759388
precision_ag_nutrient_loss_reduction_2021,-197.20407827876852,137.0754020389358,-1.4386540206736242,0.1506662944197334,-466.3017721738264,71.89361561628937
