estimate,estimate1,estimate2,statistic,p.value,parameter,conf.low,conf.high,method,alternative
-16.57763700607697,146.36809470124015,162.94573170731712,-7.432976083578299,1.9515449603929538e-13,1262.4380236877134,-20.95310543847723,-12.202168573676708,Welch Two Sample t-test,two.sided
